<?xml version="1.0" encoding="UTF-8"?>
<deploy
 date="2024.09.08.04:26:24"
 outputDirectory="C:/Users/lwat0045/Documents/VGA/vga/">
 <perimeter>
  <parameter
     name="AUTO_GENERATION_ID"
     type="Integer"
     defaultValue="0"
     onHdl="0"
     affectsHdl="1" />
  <parameter
     name="AUTO_UNIQUE_ID"
     type="String"
     defaultValue=""
     onHdl="0"
     affectsHdl="1" />
  <parameter
     name="AUTO_DEVICE_FAMILY"
     type="String"
     defaultValue="Cyclone IV E"
     onHdl="0"
     affectsHdl="1" />
  <parameter
     name="AUTO_DEVICE"
     type="String"
     defaultValue="EP4CE115F29C7"
     onHdl="0"
     affectsHdl="1" />
  <parameter
     name="AUTO_DEVICE_SPEEDGRADE"
     type="String"
     defaultValue="7"
     onHdl="0"
     affectsHdl="1" />
  <parameter
     name="AUTO_CLK_CLOCK_RATE"
     type="Long"
     defaultValue="-1"
     onHdl="0"
     affectsHdl="1" />
  <parameter
     name="AUTO_CLK_CLOCK_DOMAIN"
     type="Integer"
     defaultValue="-1"
     onHdl="0"
     affectsHdl="1" />
  <parameter
     name="AUTO_CLK_RESET_DOMAIN"
     type="Integer"
     defaultValue="-1"
     onHdl="0"
     affectsHdl="1" />
  <interface name="clk" kind="clock" start="0">
   <property name="clockRate" value="50000000" />
   <property name="externallyDriven" value="false" />
   <property name="ptfSchematicName" value="" />
   <port name="clk_clk" direction="input" role="clk" width="1" />
  </interface>
  <interface name="face_select" kind="conduit" start="0">
   <property name="associatedClock" value="" />
   <property name="associatedReset" value="" />
   <port
       name="face_select_face_select"
       direction="input"
       role="face_select"
       width="2" />
  </interface>
  <interface name="reset" kind="reset" start="0">
   <property name="associatedClock" value="" />
   <property name="synchronousEdges" value="NONE" />
   <port name="reset_reset_n" direction="input" role="reset_n" width="1" />
  </interface>
  <interface name="vga" kind="conduit" start="0">
   <property name="associatedClock" value="" />
   <property name="associatedReset" value="" />
   <port name="vga_CLK" direction="output" role="CLK" width="1" />
   <port name="vga_HS" direction="output" role="HS" width="1" />
   <port name="vga_VS" direction="output" role="VS" width="1" />
   <port name="vga_BLANK" direction="output" role="BLANK" width="1" />
   <port name="vga_SYNC" direction="output" role="SYNC" width="1" />
   <port name="vga_R" direction="output" role="R" width="8" />
   <port name="vga_G" direction="output" role="G" width="8" />
   <port name="vga_B" direction="output" role="B" width="8" />
  </interface>
 </perimeter>
 <entity
   path=""
   parameterizationKey="vga:1.0:AUTO_CLK_CLOCK_DOMAIN=-1,AUTO_CLK_CLOCK_RATE=-1,AUTO_CLK_RESET_DOMAIN=-1,AUTO_DEVICE=EP4CE115F29C7,AUTO_DEVICE_FAMILY=Cyclone IV E,AUTO_DEVICE_SPEEDGRADE=7,AUTO_GENERATION_ID=1725733584,AUTO_UNIQUE_ID=(clock_source:20.1:clockFrequency=50000000,clockFrequencyKnown=true,inputClockFrequency=0,resetSynchronousEdges=NONE)(vga_face:1.0:)(altera_up_avalon_video_pll:18.0:AUTO_DEVICE=EP4CE115F29C7,AUTO_DEVICE_SPEEDGRADE=7,camera=5MP Digital Camera (THDB_D5M),device_family=Cyclone IV E,gui_refclk=50.0,gui_resolution=VGA 640x480,lcd=7&quot; LCD on VEEK-MT and MTL/MTL2 Modules,lcd_clk_en=false,refclk=50.0,resolution=VGA 640x480,vga_clk_en=true,video_in_clk_en=false(altera_up_altpll:18.0:DEVICE_FAMILY=Cyclone IV,OUTCLK0_DIV=2,OUTCLK0_MULT=1,OUTCLK1_DIV=2,OUTCLK1_MULT=1,OUTCLK2_DIV=3,OUTCLK2_MULT=2,PHASE_SHIFT=0,audio_clk_freq=12.288,gui_device_family=Cyclone IV E,type=Video,video_in=5MP Digital Camera (THDB_D5M),video_out=7&quot; LCD on VEEK-MT and MTL/MTL2 Modules)(altera_up_avalon_reset_from_locked_signal:18.0:)(conduit:20.1:endPort=,endPortLSB=0,startPort=,startPortLSB=0,width=0))(altera_up_avalon_video_rgb_resampler:18.0:AUTO_CLK_CLOCK_RATE=25000000,AUTO_DEVICE_FAMILY=Cyclone IV E,alpha=1023,input_bits=10,input_planes=3,input_type=30-bit RGB,output_bits=8,output_planes=1,output_type=8-bit Grayscale)(altera_up_avalon_video_rgb_resampler:18.0:AUTO_CLK_CLOCK_RATE=25000000,AUTO_DEVICE_FAMILY=Cyclone IV E,alpha=1023,input_bits=8,input_planes=1,input_type=8-bit Grayscale,output_bits=10,output_planes=3,output_type=30-bit RGB)(altera_up_avalon_video_vga_controller:18.0:AUTO_CLK_CLOCK_RATE=25000000,AUTO_DEVICE_FAMILY=Cyclone IV E,board=DE2-115,device=VGA Connector,resolution=VGA 640x480,underflow_flag=false)(avalon_streaming:20.1:)(avalon_streaming:20.1:)(avalon_streaming:20.1:)(clock:20.1:)(clock:20.1:)(clock:20.1:)(clock:20.1:)(clock:20.1:)(reset:20.1:)(reset:20.1:)(reset:20.1:)(reset:20.1:)(reset:20.1:)"
   instancePathKey="vga"
   kind="vga"
   version="1.0"
   name="vga">
  <parameter name="AUTO_CLK_CLOCK_RATE" value="-1" />
  <parameter name="AUTO_GENERATION_ID" value="1725733584" />
  <parameter name="AUTO_DEVICE" value="EP4CE115F29C7" />
  <parameter name="AUTO_DEVICE_FAMILY" value="Cyclone IV E" />
  <parameter name="AUTO_CLK_RESET_DOMAIN" value="-1" />
  <parameter name="AUTO_CLK_CLOCK_DOMAIN" value="-1" />
  <parameter name="AUTO_UNIQUE_ID" value="" />
  <parameter name="AUTO_DEVICE_SPEEDGRADE" value="7" />
  <generatedFiles>
   <file
       path="C:/Users/lwat0045/Documents/VGA/vga/synthesis/vga.v"
       type="VERILOG" />
  </generatedFiles>
  <childGeneratedFiles>
   <file
       path="C:/Users/lwat0045/Documents/VGA/vga/synthesis/submodules/vga_face.sv"
       type="SYSTEM_VERILOG"
       attributes="TOP_LEVEL_FILE" />
   <file
       path="C:/Users/lwat0045/Documents/VGA/vga/synthesis/submodules/vga_video_pll_0.v"
       type="VERILOG" />
   <file
       path="C:/Users/lwat0045/Documents/VGA/vga/synthesis/submodules/altera_up_altpll.v"
       type="VERILOG"
       attributes="TOP_LEVEL_FILE" />
   <file
       path="C:/Users/lwat0045/Documents/VGA/vga/synthesis/submodules/altera_up_avalon_reset_from_locked_signal.v"
       type="VERILOG"
       attributes="TOP_LEVEL_FILE" />
   <file
       path="C:/Users/lwat0045/Documents/VGA/vga/synthesis/submodules/vga_video_rgb_resampler_0.v"
       type="VERILOG" />
   <file
       path="C:/Users/lwat0045/Documents/VGA/vga/synthesis/submodules/vga_video_rgb_resampler_1.v"
       type="VERILOG" />
   <file
       path="C:/Users/lwat0045/Documents/VGA/vga/synthesis/submodules/altera_up_avalon_video_vga_timing.v"
       type="VERILOG" />
   <file
       path="C:/Users/lwat0045/Documents/VGA/vga/synthesis/submodules/vga_video_vga_controller_0.v"
       type="VERILOG" />
   <file
       path="C:/Users/lwat0045/Documents/VGA/vga/synthesis/submodules/altera_reset_controller.v"
       type="VERILOG"
       attributes="" />
   <file
       path="C:/Users/lwat0045/Documents/VGA/vga/synthesis/submodules/altera_reset_synchronizer.v"
       type="VERILOG"
       attributes="" />
   <file
       path="C:/Users/lwat0045/Documents/VGA/vga/synthesis/submodules/altera_reset_controller.sdc"
       type="SDC"
       attributes="" />
  </childGeneratedFiles>
  <sourceFiles>
   <file path="C:/Users/lwat0045/Documents/VGA/vga.qsys" />
  </sourceFiles>
  <childSourceFiles>
   <file path="C:/Users/lwat0045/Documents/VGA/vga_face_hw.tcl" />
   <file
       path="C:/intelfpga_lite/20.1/ip/altera/university_program/clocks/altera_up_avalon_video_pll/altera_up_avalon_video_pll_hw.tcl" />
   <file
       path="C:/intelfpga_lite/20.1/ip/altera/university_program/clocks/altera_up_altpll/altera_up_altpll_hw.tcl" />
   <file
       path="C:/intelfpga_lite/20.1/ip/altera/university_program/clocks/altera_up_avalon_reset_from_locked_signal/altera_up_avalon_reset_from_locked_signal_hw.tcl" />
   <file
       path="C:/intelfpga_lite/20.1/ip/altera/university_program/audio_video/video/altera_up_avalon_video_rgb_resampler/altera_up_avalon_video_rgb_resampler_hw.tcl" />
   <file
       path="C:/intelfpga_lite/20.1/ip/altera/university_program/audio_video/video/altera_up_avalon_video_rgb_resampler/altera_up_avalon_video_rgb_resampler_hw.tcl" />
   <file
       path="C:/intelfpga_lite/20.1/ip/altera/university_program/audio_video/video/altera_up_avalon_video_vga_controller/altera_up_avalon_video_vga_controller_hw.tcl" />
   <file
       path="C:/intelfpga_lite/20.1/ip/altera/university_program/audio_video/video/altera_up_avalon_video_vga_controller/hdl/altera_up_avalon_video_vga_timing.v" />
   <file
       path="C:/intelfpga_lite/20.1/ip/altera/merlin/altera_reset_controller/altera_reset_controller_hw.tcl" />
  </childSourceFiles>
  <messages>
   <message level="Debug" culprit="vga">queue size: 0 starting:vga "vga"</message>
   <message level="Progress" culprit="min"></message>
   <message level="Progress" culprit="max"></message>
   <message level="Progress" culprit="current"></message>
   <message level="Debug">Transform: CustomInstructionTransform</message>
   <message level="Debug">No custom instruction connections, skipping transform </message>
   <message level="Debug" culprit="merlin_custom_instruction_transform"><![CDATA[After transform: <b>6</b> modules, <b>13</b> connections]]></message>
   <message level="Debug">Transform: MMTransform</message>
   <message level="Debug">Transform: InterruptMapperTransform</message>
   <message level="Debug">Transform: InterruptSyncTransform</message>
   <message level="Debug">Transform: InterruptFanoutTransform</message>
   <message level="Debug">Transform: AvalonStreamingTransform</message>
   <message level="Debug">Transform: ResetAdaptation</message>
   <message level="Progress" culprit="min"></message>
   <message level="Progress" culprit="max"></message>
   <message level="Progress" culprit="current"></message>
   <message level="Progress" culprit="min"></message>
   <message level="Progress" culprit="max"></message>
   <message level="Progress" culprit="current"></message>
   <message level="Debug" culprit="reset_adaptation_transform"><![CDATA[After transform: <b>8</b> modules, <b>17</b> connections]]></message>
   <message level="Debug" culprit="vga"><![CDATA["<b>vga</b>" reuses <b>vga_face</b> "<b>submodules/vga_face</b>"]]></message>
   <message level="Debug" culprit="vga"><![CDATA["<b>vga</b>" reuses <b>altera_up_avalon_video_pll</b> "<b>submodules/vga_video_pll_0</b>"]]></message>
   <message level="Debug" culprit="vga"><![CDATA["<b>vga</b>" reuses <b>altera_up_avalon_video_rgb_resampler</b> "<b>submodules/vga_video_rgb_resampler_0</b>"]]></message>
   <message level="Debug" culprit="vga"><![CDATA["<b>vga</b>" reuses <b>altera_up_avalon_video_rgb_resampler</b> "<b>submodules/vga_video_rgb_resampler_1</b>"]]></message>
   <message level="Debug" culprit="vga"><![CDATA["<b>vga</b>" reuses <b>altera_up_avalon_video_vga_controller</b> "<b>submodules/vga_video_vga_controller_0</b>"]]></message>
   <message level="Debug" culprit="vga"><![CDATA["<b>vga</b>" reuses <b>altera_reset_controller</b> "<b>submodules/altera_reset_controller</b>"]]></message>
   <message level="Debug" culprit="vga"><![CDATA["<b>vga</b>" reuses <b>altera_reset_controller</b> "<b>submodules/altera_reset_controller</b>"]]></message>
   <message level="Debug" culprit="vga">queue size: 6 starting:vga_face "submodules/vga_face"</message>
   <message level="Info" culprit="vga_face_0"><![CDATA["<b>vga</b>" instantiated <b>vga_face</b> "<b>vga_face_0</b>"]]></message>
   <message level="Debug" culprit="vga">queue size: 5 starting:altera_up_avalon_video_pll "submodules/vga_video_pll_0"</message>
   <message level="Progress" culprit="min"></message>
   <message level="Progress" culprit="max"></message>
   <message level="Progress" culprit="current"></message>
   <message level="Debug">Transform: CustomInstructionTransform</message>
   <message level="Debug">No custom instruction connections, skipping transform </message>
   <message level="Debug" culprit="merlin_custom_instruction_transform"><![CDATA[After transform: <b>2</b> modules, <b>1</b> connections]]></message>
   <message level="Debug">Transform: MMTransform</message>
   <message level="Debug">Transform: InterruptMapperTransform</message>
   <message level="Debug">Transform: InterruptSyncTransform</message>
   <message level="Debug">Transform: InterruptFanoutTransform</message>
   <message level="Debug">Transform: AvalonStreamingTransform</message>
   <message level="Debug">Transform: ResetAdaptation</message>
   <message level="Debug" culprit="video_pll_0"><![CDATA["<b>video_pll_0</b>" reuses <b>altera_up_altpll</b> "<b>submodules/altera_up_altpll</b>"]]></message>
   <message level="Debug" culprit="video_pll_0"><![CDATA["<b>video_pll_0</b>" reuses <b>altera_up_avalon_reset_from_locked_signal</b> "<b>submodules/altera_up_avalon_reset_from_locked_signal</b>"]]></message>
   <message level="Info" culprit="video_pll_0"><![CDATA["<b>vga</b>" instantiated <b>altera_up_avalon_video_pll</b> "<b>video_pll_0</b>"]]></message>
   <message level="Debug" culprit="vga">queue size: 1 starting:altera_up_altpll "submodules/altera_up_altpll"</message>
   <message level="Info" culprit="video_pll"><![CDATA["<b>video_pll_0</b>" instantiated <b>altera_up_altpll</b> "<b>video_pll</b>"]]></message>
   <message level="Debug" culprit="vga">queue size: 0 starting:altera_up_avalon_reset_from_locked_signal "submodules/altera_up_avalon_reset_from_locked_signal"</message>
   <message level="Info" culprit="reset_from_locked"><![CDATA["<b>video_pll_0</b>" instantiated <b>altera_up_avalon_reset_from_locked_signal</b> "<b>reset_from_locked</b>"]]></message>
   <message level="Debug" culprit="vga">queue size: 6 starting:altera_up_avalon_video_rgb_resampler "submodules/vga_video_rgb_resampler_0"</message>
   <message level="Info" culprit="video_rgb_resampler_0">Starting Generation of Video RGB Resampler</message>
   <message level="Info" culprit="video_rgb_resampler_0"><![CDATA["<b>vga</b>" instantiated <b>altera_up_avalon_video_rgb_resampler</b> "<b>video_rgb_resampler_0</b>"]]></message>
   <message level="Debug" culprit="vga">queue size: 5 starting:altera_up_avalon_video_rgb_resampler "submodules/vga_video_rgb_resampler_1"</message>
   <message level="Info" culprit="video_rgb_resampler_1">Starting Generation of Video RGB Resampler</message>
   <message level="Info" culprit="video_rgb_resampler_1"><![CDATA["<b>vga</b>" instantiated <b>altera_up_avalon_video_rgb_resampler</b> "<b>video_rgb_resampler_1</b>"]]></message>
   <message level="Debug" culprit="vga">queue size: 4 starting:altera_up_avalon_video_vga_controller "submodules/vga_video_vga_controller_0"</message>
   <message level="Info" culprit="video_vga_controller_0">Starting Generation of VGA Controller</message>
   <message level="Info" culprit="video_vga_controller_0"><![CDATA["<b>vga</b>" instantiated <b>altera_up_avalon_video_vga_controller</b> "<b>video_vga_controller_0</b>"]]></message>
   <message level="Debug" culprit="vga">queue size: 3 starting:altera_reset_controller "submodules/altera_reset_controller"</message>
   <message level="Info" culprit="rst_controller"><![CDATA["<b>vga</b>" instantiated <b>altera_reset_controller</b> "<b>rst_controller</b>"]]></message>
  </messages>
 </entity>
 <entity
   path="submodules/"
   parameterizationKey="vga_face:1.0:"
   instancePathKey="vga:.:vga_face_0"
   kind="vga_face"
   version="1.0"
   name="vga_face">
  <generatedFiles>
   <file
       path="C:/Users/lwat0045/Documents/VGA/vga/synthesis/submodules/vga_face.sv"
       type="SYSTEM_VERILOG"
       attributes="TOP_LEVEL_FILE" />
  </generatedFiles>
  <childGeneratedFiles/>
  <sourceFiles>
   <file path="C:/Users/lwat0045/Documents/VGA/vga_face_hw.tcl" />
  </sourceFiles>
  <childSourceFiles/>
  <instantiator instantiator="vga" as="vga_face_0" />
  <messages>
   <message level="Debug" culprit="vga">queue size: 6 starting:vga_face "submodules/vga_face"</message>
   <message level="Info" culprit="vga_face_0"><![CDATA["<b>vga</b>" instantiated <b>vga_face</b> "<b>vga_face_0</b>"]]></message>
  </messages>
 </entity>
 <entity
   path="submodules/"
   parameterizationKey="altera_up_avalon_video_pll:18.0:AUTO_DEVICE=EP4CE115F29C7,AUTO_DEVICE_SPEEDGRADE=7,camera=5MP Digital Camera (THDB_D5M),device_family=Cyclone IV E,gui_refclk=50.0,gui_resolution=VGA 640x480,lcd=7&quot; LCD on VEEK-MT and MTL/MTL2 Modules,lcd_clk_en=false,refclk=50.0,resolution=VGA 640x480,vga_clk_en=true,video_in_clk_en=false(altera_up_altpll:18.0:DEVICE_FAMILY=Cyclone IV,OUTCLK0_DIV=2,OUTCLK0_MULT=1,OUTCLK1_DIV=2,OUTCLK1_MULT=1,OUTCLK2_DIV=3,OUTCLK2_MULT=2,PHASE_SHIFT=0,audio_clk_freq=12.288,gui_device_family=Cyclone IV E,type=Video,video_in=5MP Digital Camera (THDB_D5M),video_out=7&quot; LCD on VEEK-MT and MTL/MTL2 Modules)(altera_up_avalon_reset_from_locked_signal:18.0:)(conduit:20.1:endPort=,endPortLSB=0,startPort=,startPortLSB=0,width=0)"
   instancePathKey="vga:.:video_pll_0"
   kind="altera_up_avalon_video_pll"
   version="18.0"
   name="vga_video_pll_0">
  <parameter name="lcd_clk_en" value="false" />
  <parameter name="gui_refclk" value="50.0" />
  <parameter name="AUTO_DEVICE" value="EP4CE115F29C7" />
  <parameter name="refclk" value="50.0" />
  <parameter name="device_family" value="Cyclone IV E" />
  <parameter name="gui_resolution" value="VGA 640x480" />
  <parameter name="video_in_clk_en" value="false" />
  <parameter name="camera" value="5MP Digital Camera (THDB_D5M)" />
  <parameter name="lcd" value="7&quot; LCD on VEEK-MT and MTL/MTL2 Modules" />
  <parameter name="vga_clk_en" value="true" />
  <parameter name="resolution" value="VGA 640x480" />
  <parameter name="AUTO_DEVICE_SPEEDGRADE" value="7" />
  <generatedFiles>
   <file
       path="C:/Users/lwat0045/Documents/VGA/vga/synthesis/submodules/vga_video_pll_0.v"
       type="VERILOG" />
  </generatedFiles>
  <childGeneratedFiles>
   <file
       path="C:/Users/lwat0045/Documents/VGA/vga/synthesis/submodules/altera_up_altpll.v"
       type="VERILOG"
       attributes="TOP_LEVEL_FILE" />
   <file
       path="C:/Users/lwat0045/Documents/VGA/vga/synthesis/submodules/altera_up_avalon_reset_from_locked_signal.v"
       type="VERILOG"
       attributes="TOP_LEVEL_FILE" />
  </childGeneratedFiles>
  <sourceFiles>
   <file
       path="C:/intelfpga_lite/20.1/ip/altera/university_program/clocks/altera_up_avalon_video_pll/altera_up_avalon_video_pll_hw.tcl" />
  </sourceFiles>
  <childSourceFiles>
   <file
       path="C:/intelfpga_lite/20.1/ip/altera/university_program/clocks/altera_up_altpll/altera_up_altpll_hw.tcl" />
   <file
       path="C:/intelfpga_lite/20.1/ip/altera/university_program/clocks/altera_up_avalon_reset_from_locked_signal/altera_up_avalon_reset_from_locked_signal_hw.tcl" />
  </childSourceFiles>
  <instantiator instantiator="vga" as="video_pll_0" />
  <messages>
   <message level="Debug" culprit="vga">queue size: 5 starting:altera_up_avalon_video_pll "submodules/vga_video_pll_0"</message>
   <message level="Progress" culprit="min"></message>
   <message level="Progress" culprit="max"></message>
   <message level="Progress" culprit="current"></message>
   <message level="Debug">Transform: CustomInstructionTransform</message>
   <message level="Debug">No custom instruction connections, skipping transform </message>
   <message level="Debug" culprit="merlin_custom_instruction_transform"><![CDATA[After transform: <b>2</b> modules, <b>1</b> connections]]></message>
   <message level="Debug">Transform: MMTransform</message>
   <message level="Debug">Transform: InterruptMapperTransform</message>
   <message level="Debug">Transform: InterruptSyncTransform</message>
   <message level="Debug">Transform: InterruptFanoutTransform</message>
   <message level="Debug">Transform: AvalonStreamingTransform</message>
   <message level="Debug">Transform: ResetAdaptation</message>
   <message level="Debug" culprit="video_pll_0"><![CDATA["<b>video_pll_0</b>" reuses <b>altera_up_altpll</b> "<b>submodules/altera_up_altpll</b>"]]></message>
   <message level="Debug" culprit="video_pll_0"><![CDATA["<b>video_pll_0</b>" reuses <b>altera_up_avalon_reset_from_locked_signal</b> "<b>submodules/altera_up_avalon_reset_from_locked_signal</b>"]]></message>
   <message level="Info" culprit="video_pll_0"><![CDATA["<b>vga</b>" instantiated <b>altera_up_avalon_video_pll</b> "<b>video_pll_0</b>"]]></message>
   <message level="Debug" culprit="vga">queue size: 1 starting:altera_up_altpll "submodules/altera_up_altpll"</message>
   <message level="Info" culprit="video_pll"><![CDATA["<b>video_pll_0</b>" instantiated <b>altera_up_altpll</b> "<b>video_pll</b>"]]></message>
   <message level="Debug" culprit="vga">queue size: 0 starting:altera_up_avalon_reset_from_locked_signal "submodules/altera_up_avalon_reset_from_locked_signal"</message>
   <message level="Info" culprit="reset_from_locked"><![CDATA["<b>video_pll_0</b>" instantiated <b>altera_up_avalon_reset_from_locked_signal</b> "<b>reset_from_locked</b>"]]></message>
  </messages>
 </entity>
 <entity
   path="submodules/"
   parameterizationKey="altera_up_avalon_video_rgb_resampler:18.0:AUTO_CLK_CLOCK_RATE=25000000,AUTO_DEVICE_FAMILY=Cyclone IV E,alpha=1023,input_bits=10,input_planes=3,input_type=30-bit RGB,output_bits=8,output_planes=1,output_type=8-bit Grayscale"
   instancePathKey="vga:.:video_rgb_resampler_0"
   kind="altera_up_avalon_video_rgb_resampler"
   version="18.0"
   name="vga_video_rgb_resampler_0">
  <parameter name="output_bits" value="8" />
  <parameter name="AUTO_CLK_CLOCK_RATE" value="25000000" />
  <parameter name="output_type" value="8-bit Grayscale" />
  <parameter name="input_bits" value="10" />
  <parameter name="output_planes" value="1" />
  <parameter name="AUTO_DEVICE_FAMILY" value="Cyclone IV E" />
  <parameter name="alpha" value="1023" />
  <parameter name="input_type" value="30-bit RGB" />
  <parameter name="input_planes" value="3" />
  <generatedFiles>
   <file
       path="C:/Users/lwat0045/Documents/VGA/vga/synthesis/submodules/vga_video_rgb_resampler_0.v"
       type="VERILOG" />
  </generatedFiles>
  <childGeneratedFiles/>
  <sourceFiles>
   <file
       path="C:/intelfpga_lite/20.1/ip/altera/university_program/audio_video/video/altera_up_avalon_video_rgb_resampler/altera_up_avalon_video_rgb_resampler_hw.tcl" />
  </sourceFiles>
  <childSourceFiles/>
  <instantiator instantiator="vga" as="video_rgb_resampler_0" />
  <messages>
   <message level="Debug" culprit="vga">queue size: 6 starting:altera_up_avalon_video_rgb_resampler "submodules/vga_video_rgb_resampler_0"</message>
   <message level="Info" culprit="video_rgb_resampler_0">Starting Generation of Video RGB Resampler</message>
   <message level="Info" culprit="video_rgb_resampler_0"><![CDATA["<b>vga</b>" instantiated <b>altera_up_avalon_video_rgb_resampler</b> "<b>video_rgb_resampler_0</b>"]]></message>
  </messages>
 </entity>
 <entity
   path="submodules/"
   parameterizationKey="altera_up_avalon_video_rgb_resampler:18.0:AUTO_CLK_CLOCK_RATE=25000000,AUTO_DEVICE_FAMILY=Cyclone IV E,alpha=1023,input_bits=8,input_planes=1,input_type=8-bit Grayscale,output_bits=10,output_planes=3,output_type=30-bit RGB"
   instancePathKey="vga:.:video_rgb_resampler_1"
   kind="altera_up_avalon_video_rgb_resampler"
   version="18.0"
   name="vga_video_rgb_resampler_1">
  <parameter name="output_bits" value="10" />
  <parameter name="AUTO_CLK_CLOCK_RATE" value="25000000" />
  <parameter name="output_type" value="30-bit RGB" />
  <parameter name="input_bits" value="8" />
  <parameter name="output_planes" value="3" />
  <parameter name="AUTO_DEVICE_FAMILY" value="Cyclone IV E" />
  <parameter name="alpha" value="1023" />
  <parameter name="input_type" value="8-bit Grayscale" />
  <parameter name="input_planes" value="1" />
  <generatedFiles>
   <file
       path="C:/Users/lwat0045/Documents/VGA/vga/synthesis/submodules/vga_video_rgb_resampler_1.v"
       type="VERILOG" />
  </generatedFiles>
  <childGeneratedFiles/>
  <sourceFiles>
   <file
       path="C:/intelfpga_lite/20.1/ip/altera/university_program/audio_video/video/altera_up_avalon_video_rgb_resampler/altera_up_avalon_video_rgb_resampler_hw.tcl" />
  </sourceFiles>
  <childSourceFiles/>
  <instantiator instantiator="vga" as="video_rgb_resampler_1" />
  <messages>
   <message level="Debug" culprit="vga">queue size: 5 starting:altera_up_avalon_video_rgb_resampler "submodules/vga_video_rgb_resampler_1"</message>
   <message level="Info" culprit="video_rgb_resampler_1">Starting Generation of Video RGB Resampler</message>
   <message level="Info" culprit="video_rgb_resampler_1"><![CDATA["<b>vga</b>" instantiated <b>altera_up_avalon_video_rgb_resampler</b> "<b>video_rgb_resampler_1</b>"]]></message>
  </messages>
 </entity>
 <entity
   path="submodules/"
   parameterizationKey="altera_up_avalon_video_vga_controller:18.0:AUTO_CLK_CLOCK_RATE=25000000,AUTO_DEVICE_FAMILY=Cyclone IV E,board=DE2-115,device=VGA Connector,resolution=VGA 640x480,underflow_flag=false"
   instancePathKey="vga:.:video_vga_controller_0"
   kind="altera_up_avalon_video_vga_controller"
   version="18.0"
   name="vga_video_vga_controller_0">
  <parameter name="AUTO_CLK_CLOCK_RATE" value="25000000" />
  <parameter name="AUTO_DEVICE_FAMILY" value="Cyclone IV E" />
  <parameter name="underflow_flag" value="false" />
  <parameter name="device" value="VGA Connector" />
  <parameter name="resolution" value="VGA 640x480" />
  <parameter name="board" value="DE2-115" />
  <generatedFiles>
   <file
       path="C:/Users/lwat0045/Documents/VGA/vga/synthesis/submodules/altera_up_avalon_video_vga_timing.v"
       type="VERILOG" />
   <file
       path="C:/Users/lwat0045/Documents/VGA/vga/synthesis/submodules/vga_video_vga_controller_0.v"
       type="VERILOG" />
  </generatedFiles>
  <childGeneratedFiles/>
  <sourceFiles>
   <file
       path="C:/intelfpga_lite/20.1/ip/altera/university_program/audio_video/video/altera_up_avalon_video_vga_controller/altera_up_avalon_video_vga_controller_hw.tcl" />
   <file
       path="C:/intelfpga_lite/20.1/ip/altera/university_program/audio_video/video/altera_up_avalon_video_vga_controller/hdl/altera_up_avalon_video_vga_timing.v" />
  </sourceFiles>
  <childSourceFiles/>
  <instantiator instantiator="vga" as="video_vga_controller_0" />
  <messages>
   <message level="Debug" culprit="vga">queue size: 4 starting:altera_up_avalon_video_vga_controller "submodules/vga_video_vga_controller_0"</message>
   <message level="Info" culprit="video_vga_controller_0">Starting Generation of VGA Controller</message>
   <message level="Info" culprit="video_vga_controller_0"><![CDATA["<b>vga</b>" instantiated <b>altera_up_avalon_video_vga_controller</b> "<b>video_vga_controller_0</b>"]]></message>
  </messages>
 </entity>
 <entity
   path="submodules/"
   parameterizationKey="altera_reset_controller:20.1:ADAPT_RESET_REQUEST=0,MIN_RST_ASSERTION_TIME=3,NUM_RESET_INPUTS=1,OUTPUT_RESET_SYNC_EDGES=deassert,RESET_REQUEST_PRESENT=0,RESET_REQ_EARLY_DSRT_TIME=1,RESET_REQ_WAIT_TIME=1,SYNC_DEPTH=2,USE_RESET_REQUEST_IN0=0,USE_RESET_REQUEST_IN1=0,USE_RESET_REQUEST_IN10=0,USE_RESET_REQUEST_IN11=0,USE_RESET_REQUEST_IN12=0,USE_RESET_REQUEST_IN13=0,USE_RESET_REQUEST_IN14=0,USE_RESET_REQUEST_IN15=0,USE_RESET_REQUEST_IN2=0,USE_RESET_REQUEST_IN3=0,USE_RESET_REQUEST_IN4=0,USE_RESET_REQUEST_IN5=0,USE_RESET_REQUEST_IN6=0,USE_RESET_REQUEST_IN7=0,USE_RESET_REQUEST_IN8=0,USE_RESET_REQUEST_IN9=0,USE_RESET_REQUEST_INPUT=0"
   instancePathKey="vga:.:rst_controller"
   kind="altera_reset_controller"
   version="20.1"
   name="altera_reset_controller">
  <generatedFiles>
   <file
       path="C:/Users/lwat0045/Documents/VGA/vga/synthesis/submodules/altera_reset_controller.v"
       type="VERILOG"
       attributes="" />
   <file
       path="C:/Users/lwat0045/Documents/VGA/vga/synthesis/submodules/altera_reset_synchronizer.v"
       type="VERILOG"
       attributes="" />
   <file
       path="C:/Users/lwat0045/Documents/VGA/vga/synthesis/submodules/altera_reset_controller.sdc"
       type="SDC"
       attributes="" />
  </generatedFiles>
  <childGeneratedFiles/>
  <sourceFiles>
   <file
       path="C:/intelfpga_lite/20.1/ip/altera/merlin/altera_reset_controller/altera_reset_controller_hw.tcl" />
  </sourceFiles>
  <childSourceFiles/>
  <instantiator instantiator="vga" as="rst_controller,rst_controller_001" />
  <messages>
   <message level="Debug" culprit="vga">queue size: 3 starting:altera_reset_controller "submodules/altera_reset_controller"</message>
   <message level="Info" culprit="rst_controller"><![CDATA["<b>vga</b>" instantiated <b>altera_reset_controller</b> "<b>rst_controller</b>"]]></message>
  </messages>
 </entity>
 <entity
   path="submodules/"
   parameterizationKey="altera_up_altpll:18.0:DEVICE_FAMILY=Cyclone IV,OUTCLK0_DIV=2,OUTCLK0_MULT=1,OUTCLK1_DIV=2,OUTCLK1_MULT=1,OUTCLK2_DIV=3,OUTCLK2_MULT=2,PHASE_SHIFT=0,audio_clk_freq=12.288,gui_device_family=Cyclone IV E,type=Video,video_in=5MP Digital Camera (THDB_D5M),video_out=7&quot; LCD on VEEK-MT and MTL/MTL2 Modules"
   instancePathKey="vga:.:video_pll_0:.:video_pll"
   kind="altera_up_altpll"
   version="18.0"
   name="altera_up_altpll">
  <parameter name="OUTCLK0_DIV" value="2" />
  <parameter name="OUTCLK2_MULT" value="2" />
  <parameter name="PHASE_SHIFT" value="0" />
  <parameter name="OUTCLK1_DIV" value="2" />
  <parameter name="OUTCLK0_MULT" value="1" />
  <parameter name="DEVICE_FAMILY" value="Cyclone IV" />
  <parameter name="video_in" value="5MP Digital Camera (THDB_D5M)" />
  <parameter name="gui_device_family" value="Cyclone IV E" />
  <parameter name="OUTCLK2_DIV" value="3" />
  <parameter name="OUTCLK1_MULT" value="1" />
  <generatedFiles>
   <file
       path="C:/Users/lwat0045/Documents/VGA/vga/synthesis/submodules/altera_up_altpll.v"
       type="VERILOG"
       attributes="TOP_LEVEL_FILE" />
  </generatedFiles>
  <childGeneratedFiles/>
  <sourceFiles>
   <file
       path="C:/intelfpga_lite/20.1/ip/altera/university_program/clocks/altera_up_altpll/altera_up_altpll_hw.tcl" />
  </sourceFiles>
  <childSourceFiles/>
  <instantiator instantiator="vga_video_pll_0" as="video_pll" />
  <messages>
   <message level="Debug" culprit="vga">queue size: 1 starting:altera_up_altpll "submodules/altera_up_altpll"</message>
   <message level="Info" culprit="video_pll"><![CDATA["<b>video_pll_0</b>" instantiated <b>altera_up_altpll</b> "<b>video_pll</b>"]]></message>
  </messages>
 </entity>
 <entity
   path="submodules/"
   parameterizationKey="altera_up_avalon_reset_from_locked_signal:18.0:"
   instancePathKey="vga:.:video_pll_0:.:reset_from_locked"
   kind="altera_up_avalon_reset_from_locked_signal"
   version="18.0"
   name="altera_up_avalon_reset_from_locked_signal">
  <generatedFiles>
   <file
       path="C:/Users/lwat0045/Documents/VGA/vga/synthesis/submodules/altera_up_avalon_reset_from_locked_signal.v"
       type="VERILOG"
       attributes="TOP_LEVEL_FILE" />
  </generatedFiles>
  <childGeneratedFiles/>
  <sourceFiles>
   <file
       path="C:/intelfpga_lite/20.1/ip/altera/university_program/clocks/altera_up_avalon_reset_from_locked_signal/altera_up_avalon_reset_from_locked_signal_hw.tcl" />
  </sourceFiles>
  <childSourceFiles/>
  <instantiator instantiator="vga_video_pll_0" as="reset_from_locked" />
  <messages>
   <message level="Debug" culprit="vga">queue size: 0 starting:altera_up_avalon_reset_from_locked_signal "submodules/altera_up_avalon_reset_from_locked_signal"</message>
   <message level="Info" culprit="reset_from_locked"><![CDATA["<b>video_pll_0</b>" instantiated <b>altera_up_avalon_reset_from_locked_signal</b> "<b>reset_from_locked</b>"]]></message>
  </messages>
 </entity>
</deploy>
