# Copyright (C) 1991-2014 Altera Corporation
# Your use of Altera Corporation's design tools, logic functions 
# and other software and tools, and its AMPP partner logic 
# functions, and any output files from any of the foregoing 
# (including device programming or simulation files), and any 
# associated documentation or information are expressly subject 
# to the terms and conditions of the Altera Program License 
# Subscription Agreement, Altera MegaCore Function License 
# Agreement, or other applicable license agreement, including, 
# without limitation, that your use is for the sole purpose of 
# programming logic devices manufactured by Altera and sold by 
# Altera or its authorized distributors.  Please refer to the 
# applicable agreement for further details.

# Quartus II 64-Bit Version 13.1.3 Build 178 02/12/2014 SJ Full Version
# File: D:\SVN\de1_soc\cd\de1_soc_tv\DE1_SoC_TV.csv
# Generated on: Wed Jun 25 14:29:36 2014

# Note: The column header names should not be changed if you wish to import this .csv file into the Quartus II software.

To,Direction,Location,I/O Bank,VREF Group,I/O Standard,Reserved,Current Strength,Slew Rate,Differential Pair,Transceiver Analog Settings Protocol,VCCR_GXB/VCCT_GXB Voltage,Transceiver I/O Pin Termination,Transceiver Dedicated Refclk Pin Termination,Transmitter Common Mode Driver Voltage,Transmitter Slew Rate Control,Transmitter Differential Output Voltage,Receiver Buffer Common Mode Voltage
ADC_CS_N,Unknown,PIN_AJ4,3B,B3B_N0,3.3-V LVTTL,,,,,,,,,,,,
ADC_DIN,Unknown,PIN_AK4,3B,B3B_N0,3.3-V LVTTL,,,,,,,,,,,,
ADC_DOUT,Unknown,PIN_AK3,3B,B3B_N0,3.3-V LVTTL,,,,,,,,,,,,
ADC_SCLK,Unknown,PIN_AK2,3B,B3B_N0,3.3-V LVTTL,,,,,,,,,,,,
AUD_ADCDAT,Unknown,PIN_K7,8A,B8A_N0,3.3-V LVTTL,,,,,,,,,,,,
AUD_ADCLRCK,Unknown,PIN_K8,8A,B8A_N0,3.3-V LVTTL,,,,,,,,,,,,
AUD_BCLK,Unknown,PIN_H7,8A,B8A_N0,3.3-V LVTTL,,,,,,,,,,,,
AUD_DACDAT,Unknown,PIN_J7,8A,B8A_N0,3.3-V LVTTL,,,,,,,,,,,,
AUD_DACLRCK,Unknown,PIN_H8,8A,B8A_N0,3.3-V LVTTL,,,,,,,,,,,,
AUD_XCK,Unknown,PIN_G7,8A,B8A_N0,3.3-V LVTTL,,,,,,,,,,,,
CLOCK2_50,Unknown,PIN_AA16,4A,B4A_N0,3.3-V LVTTL,,,,,,,,,,,,
CLOCK3_50,Unknown,PIN_Y26,5B,B5B_N0,3.3-V LVTTL,,,,,,,,,,,,
CLOCK4_50,Unknown,PIN_K14,8A,B8A_N0,3.3-V LVTTL,,,,,,,,,,,,
CLOCK_50,Unknown,PIN_AF14,3B,B3B_N0,3.3-V LVTTL,,,,,,,,,,,,
DRAM_ADDR[0],Unknown,PIN_AK14,3B,B3B_N0,3.3-V LVTTL,,,,,,,,,,,,
DRAM_ADDR[1],Unknown,PIN_AH14,3B,B3B_N0,3.3-V LVTTL,,,,,,,,,,,,
DRAM_ADDR[2],Unknown,PIN_AG15,3B,B3B_N0,3.3-V LVTTL,,,,,,,,,,,,
DRAM_ADDR[3],Unknown,PIN_AE14,3B,B3B_N0,3.3-V LVTTL,,,,,,,,,,,,
DRAM_ADDR[4],Unknown,PIN_AB15,3B,B3B_N0,3.3-V LVTTL,,,,,,,,,,,,
DRAM_ADDR[5],Unknown,PIN_AC14,3B,B3B_N0,3.3-V LVTTL,,,,,,,,,,,,
DRAM_ADDR[6],Unknown,PIN_AD14,3B,B3B_N0,3.3-V LVTTL,,,,,,,,,,,,
DRAM_ADDR[7],Unknown,PIN_AF15,3B,B3B_N0,3.3-V LVTTL,,,,,,,,,,,,
DRAM_ADDR[8],Unknown,PIN_AH15,3B,B3B_N0,3.3-V LVTTL,,,,,,,,,,,,
DRAM_ADDR[9],Unknown,PIN_AG13,3B,B3B_N0,3.3-V LVTTL,,,,,,,,,,,,
DRAM_ADDR[10],Unknown,PIN_AG12,3B,B3B_N0,3.3-V LVTTL,,,,,,,,,,,,
DRAM_ADDR[11],Unknown,PIN_AH13,3B,B3B_N0,3.3-V LVTTL,,,,,,,,,,,,
DRAM_ADDR[12],Unknown,PIN_AJ14,3B,B3B_N0,3.3-V LVTTL,,,,,,,,,,,,
DRAM_BA[0],Unknown,PIN_AF13,3B,B3B_N0,3.3-V LVTTL,,,,,,,,,,,,
DRAM_BA[1],Unknown,PIN_AJ12,3B,B3B_N0,3.3-V LVTTL,,,,,,,,,,,,
DRAM_CAS_N,Unknown,PIN_AF11,3B,B3B_N0,3.3-V LVTTL,,,,,,,,,,,,
DRAM_CKE,Unknown,PIN_AK13,3B,B3B_N0,3.3-V LVTTL,,,,,,,,,,,,
DRAM_CLK,Unknown,PIN_AH12,3B,B3B_N0,3.3-V LVTTL,,,,,,,,,,,,
DRAM_CS_N,Unknown,PIN_AG11,3B,B3B_N0,3.3-V LVTTL,,,,,,,,,,,,
DRAM_DQ[0],Unknown,PIN_AK6,3B,B3B_N0,3.3-V LVTTL,,,,,,,,,,,,
DRAM_DQ[1],Unknown,PIN_AJ7,3B,B3B_N0,3.3-V LVTTL,,,,,,,,,,,,
DRAM_DQ[2],Unknown,PIN_AK7,3B,B3B_N0,3.3-V LVTTL,,,,,,,,,,,,
DRAM_DQ[3],Unknown,PIN_AK8,3B,B3B_N0,3.3-V LVTTL,,,,,,,,,,,,
DRAM_DQ[4],Unknown,PIN_AK9,3B,B3B_N0,3.3-V LVTTL,,,,,,,,,,,,
DRAM_DQ[5],Unknown,PIN_AG10,3B,B3B_N0,3.3-V LVTTL,,,,,,,,,,,,
DRAM_DQ[6],Unknown,PIN_AK11,3B,B3B_N0,3.3-V LVTTL,,,,,,,,,,,,
DRAM_DQ[7],Unknown,PIN_AJ11,3B,B3B_N0,3.3-V LVTTL,,,,,,,,,,,,
DRAM_DQ[8],Unknown,PIN_AH10,3B,B3B_N0,3.3-V LVTTL,,,,,,,,,,,,
DRAM_DQ[9],Unknown,PIN_AJ10,3B,B3B_N0,3.3-V LVTTL,,,,,,,,,,,,
DRAM_DQ[10],Unknown,PIN_AJ9,3B,B3B_N0,3.3-V LVTTL,,,,,,,,,,,,
DRAM_DQ[11],Unknown,PIN_AH9,3B,B3B_N0,3.3-V LVTTL,,,,,,,,,,,,
DRAM_DQ[12],Unknown,PIN_AH8,3B,B3B_N0,3.3-V LVTTL,,,,,,,,,,,,
DRAM_DQ[13],Unknown,PIN_AH7,3B,B3B_N0,3.3-V LVTTL,,,,,,,,,,,,
DRAM_DQ[14],Unknown,PIN_AJ6,3B,B3B_N0,3.3-V LVTTL,,,,,,,,,,,,
DRAM_DQ[15],Unknown,PIN_AJ5,3B,B3B_N0,3.3-V LVTTL,,,,,,,,,,,,
DRAM_LDQM,Unknown,PIN_AB13,3B,B3B_N0,3.3-V LVTTL,,,,,,,,,,,,
DRAM_RAS_N,Unknown,PIN_AE13,3B,B3B_N0,3.3-V LVTTL,,,,,,,,,,,,
DRAM_UDQM,Unknown,PIN_AK12,3B,B3B_N0,3.3-V LVTTL,,,,,,,,,,,,
DRAM_WE_N,Unknown,PIN_AA13,3B,B3B_N0,3.3-V LVTTL,,,,,,,,,,,,
FAN_CTRL,Unknown,PIN_AA12,3A,B3A_N0,3.3-V LVTTL,,,,,,,,,,,,
FPGA_I2C_SCLK,Unknown,PIN_J12,8A,B8A_N0,3.3-V LVTTL,,,,,,,,,,,,
FPGA_I2C_SDAT,Unknown,PIN_K12,8A,B8A_N0,3.3-V LVTTL,,,,,,,,,,,,
GPIO_0[0],Unknown,PIN_AC18,4A,B4A_N0,3.3-V LVTTL,,,,,,,,,,,,
GPIO_0[10],Unknown,PIN_AH18,4A,B4A_N0,3.3-V LVTTL,,,,,,,,,,,,
GPIO_0[11],Unknown,PIN_AH17,4A,B4A_N0,3.3-V LVTTL,,,,,,,,,,,,
GPIO_0[12],Unknown,PIN_AG16,4A,B4A_N0,3.3-V LVTTL,,,,,,,,,,,,
GPIO_0[13],Unknown,PIN_AE16,4A,B4A_N0,3.3-V LVTTL,,,,,,,,,,,,
GPIO_0[14],Unknown,PIN_AF16,4A,B4A_N0,3.3-V LVTTL,,,,,,,,,,,,
GPIO_0[15],Unknown,PIN_AG17,4A,B4A_N0,3.3-V LVTTL,,,,,,,,,,,,
GPIO_0[16],Unknown,PIN_AA18,4A,B4A_N0,3.3-V LVTTL,,,,,,,,,,,,
GPIO_0[17],Unknown,PIN_AA19,4A,B4A_N0,3.3-V LVTTL,,,,,,,,,,,,
GPIO_0[18],Unknown,PIN_AE17,4A,B4A_N0,3.3-V LVTTL,,,,,,,,,,,,
GPIO_0[19],Unknown,PIN_AC20,4A,B4A_N0,3.3-V LVTTL,,,,,,,,,,,,
GPIO_0[1],Unknown,PIN_Y17,4A,B4A_N0,3.3-V LVTTL,,,,,,,,,,,,
GPIO_0[20],Unknown,PIN_AH19,4A,B4A_N0,3.3-V LVTTL,,,,,,,,,,,,
GPIO_0[21],Unknown,PIN_AJ20,4A,B4A_N0,3.3-V LVTTL,,,,,,,,,,,,
GPIO_0[22],Unknown,PIN_AH20,4A,B4A_N0,3.3-V LVTTL,,,,,,,,,,,,
GPIO_0[23],Unknown,PIN_AK21,4A,B4A_N0,3.3-V LVTTL,,,,,,,,,,,,
GPIO_0[24],Unknown,PIN_AD19,4A,B4A_N0,3.3-V LVTTL,,,,,,,,,,,,
GPIO_0[25],Unknown,PIN_AD20,4A,B4A_N0,3.3-V LVTTL,,,,,,,,,,,,
GPIO_0[26],Unknown,PIN_AE18,4A,B4A_N0,3.3-V LVTTL,,,,,,,,,,,,
GPIO_0[27],Unknown,PIN_AE19,4A,B4A_N0,3.3-V LVTTL,,,,,,,,,,,,
GPIO_0[28],Unknown,PIN_AF20,4A,B4A_N0,3.3-V LVTTL,,,,,,,,,,,,
GPIO_0[29],Unknown,PIN_AF21,4A,B4A_N0,3.3-V LVTTL,,,,,,,,,,,,
GPIO_0[2],Unknown,PIN_AD17,4A,B4A_N0,3.3-V LVTTL,,,,,,,,,,,,
GPIO_0[30],Unknown,PIN_AF19,4A,B4A_N0,3.3-V LVTTL,,,,,,,,,,,,
GPIO_0[31],Unknown,PIN_AG21,4A,B4A_N0,3.3-V LVTTL,,,,,,,,,,,,
GPIO_0[32],Unknown,PIN_AF18,4A,B4A_N0,3.3-V LVTTL,,,,,,,,,,,,
GPIO_0[33],Unknown,PIN_AG20,4A,B4A_N0,3.3-V LVTTL,,,,,,,,,,,,
GPIO_0[34],Unknown,PIN_AG18,4A,B4A_N0,3.3-V LVTTL,,,,,,,,,,,,
GPIO_0[35],Unknown,PIN_AJ21,4A,B4A_N0,3.3-V LVTTL,,,,,,,,,,,,
GPIO_0[3],Unknown,PIN_Y18,4A,B4A_N0,3.3-V LVTTL,,,,,,,,,,,,
GPIO_0[4],Unknown,PIN_AK16,4A,B4A_N0,3.3-V LVTTL,,,,,,,,,,,,
GPIO_0[5],Unknown,PIN_AK18,4A,B4A_N0,3.3-V LVTTL,,,,,,,,,,,,
GPIO_0[6],Unknown,PIN_AK19,4A,B4A_N0,3.3-V LVTTL,,,,,,,,,,,,
GPIO_0[7],Unknown,PIN_AJ19,4A,B4A_N0,3.3-V LVTTL,,,,,,,,,,,,
GPIO_0[8],Unknown,PIN_AJ17,4A,B4A_N0,3.3-V LVTTL,,,,,,,,,,,,
GPIO_0[9],Unknown,PIN_AJ16,4A,B4A_N0,3.3-V LVTTL,,,,,,,,,,,,
GPIO_1[0],Unknown,PIN_AB17,4A,B4A_N0,3.3-V LVTTL,,,,,,,,,,,,
GPIO_1[10],Unknown,PIN_AG26,4A,B4A_N0,3.3-V LVTTL,,,,,,,,,,,,
GPIO_1[11],Unknown,PIN_AH24,4A,B4A_N0,3.3-V LVTTL,,,,,,,,,,,,
GPIO_1[12],Unknown,PIN_AH27,4A,B4A_N0,3.3-V LVTTL,,,,,,,,,,,,
GPIO_1[13],Unknown,PIN_AJ27,4A,B4A_N0,3.3-V LVTTL,,,,,,,,,,,,
GPIO_1[14],Unknown,PIN_AK29,4A,B4A_N0,3.3-V LVTTL,,,,,,,,,,,,
GPIO_1[15],Unknown,PIN_AK28,4A,B4A_N0,3.3-V LVTTL,,,,,,,,,,,,
GPIO_1[16],Unknown,PIN_AK27,4A,B4A_N0,3.3-V LVTTL,,,,,,,,,,,,
GPIO_1[17],Unknown,PIN_AJ26,4A,B4A_N0,3.3-V LVTTL,,,,,,,,,,,,
GPIO_1[18],Unknown,PIN_AK26,4A,B4A_N0,3.3-V LVTTL,,,,,,,,,,,,
GPIO_1[19],Unknown,PIN_AH25,4A,B4A_N0,3.3-V LVTTL,,,,,,,,,,,,
GPIO_1[1],Unknown,PIN_AA21,4A,B4A_N0,3.3-V LVTTL,,,,,,,,,,,,
GPIO_1[20],Unknown,PIN_AJ25,4A,B4A_N0,3.3-V LVTTL,,,,,,,,,,,,
GPIO_1[21],Unknown,PIN_AJ24,4A,B4A_N0,3.3-V LVTTL,,,,,,,,,,,,
GPIO_1[22],Unknown,PIN_AK24,4A,B4A_N0,3.3-V LVTTL,,,,,,,,,,,,
GPIO_1[23],Unknown,PIN_AG23,4A,B4A_N0,3.3-V LVTTL,,,,,,,,,,,,
GPIO_1[24],Unknown,PIN_AK23,4A,B4A_N0,3.3-V LVTTL,,,,,,,,,,,,
GPIO_1[25],Unknown,PIN_AH23,4A,B4A_N0,3.3-V LVTTL,,,,,,,,,,,,
GPIO_1[26],Unknown,PIN_AK22,4A,B4A_N0,3.3-V LVTTL,,,,,,,,,,,,
GPIO_1[27],Unknown,PIN_AJ22,4A,B4A_N0,3.3-V LVTTL,,,,,,,,,,,,
GPIO_1[28],Unknown,PIN_AH22,4A,B4A_N0,3.3-V LVTTL,,,,,,,,,,,,
GPIO_1[29],Unknown,PIN_AG22,4A,B4A_N0,3.3-V LVTTL,,,,,,,,,,,,
GPIO_1[2],Unknown,PIN_AB21,4A,B4A_N0,3.3-V LVTTL,,,,,,,,,,,,
GPIO_1[30],Unknown,PIN_AF24,4A,B4A_N0,3.3-V LVTTL,,,,,,,,,,,,
GPIO_1[31],Unknown,PIN_AF23,4A,B4A_N0,3.3-V LVTTL,,,,,,,,,,,,
GPIO_1[32],Unknown,PIN_AE22,4A,B4A_N0,3.3-V LVTTL,,,,,,,,,,,,
GPIO_1[33],Unknown,PIN_AD21,4A,B4A_N0,3.3-V LVTTL,,,,,,,,,,,,
GPIO_1[34],Unknown,PIN_AA20,4A,B4A_N0,3.3-V LVTTL,,,,,,,,,,,,
GPIO_1[35],Unknown,PIN_AC22,4A,B4A_N0,3.3-V LVTTL,,,,,,,,,,,,
GPIO_1[3],Unknown,PIN_AC23,4A,B4A_N0,3.3-V LVTTL,,,,,,,,,,,,
GPIO_1[4],Unknown,PIN_AD24,4A,B4A_N0,3.3-V LVTTL,,,,,,,,,,,,
GPIO_1[5],Unknown,PIN_AE23,4A,B4A_N0,3.3-V LVTTL,,,,,,,,,,,,
GPIO_1[6],Unknown,PIN_AE24,4A,B4A_N0,3.3-V LVTTL,,,,,,,,,,,,
GPIO_1[7],Unknown,PIN_AF25,4A,B4A_N0,3.3-V LVTTL,,,,,,,,,,,,
GPIO_1[8],Unknown,PIN_AF26,4A,B4A_N0,3.3-V LVTTL,,,,,,,,,,,,
GPIO_1[9],Unknown,PIN_AG25,4A,B4A_N0,3.3-V LVTTL,,,,,,,,,,,,
HEX0[0],Unknown,PIN_AE26,5A,B5A_N0,3.3-V LVTTL,,,,,,,,,,,,
HEX0[1],Unknown,PIN_AE27,5A,B5A_N0,3.3-V LVTTL,,,,,,,,,,,,
HEX0[2],Unknown,PIN_AE28,5A,B5A_N0,3.3-V LVTTL,,,,,,,,,,,,
HEX0[3],Unknown,PIN_AG27,5A,B5A_N0,3.3-V LVTTL,,,,,,,,,,,,
HEX0[4],Unknown,PIN_AF28,5A,B5A_N0,3.3-V LVTTL,,,,,,,,,,,,
HEX0[5],Unknown,PIN_AG28,5A,B5A_N0,3.3-V LVTTL,,,,,,,,,,,,
HEX0[6],Unknown,PIN_AH28,5A,B5A_N0,3.3-V LVTTL,,,,,,,,,,,,
HEX1[0],Unknown,PIN_AJ29,5A,B5A_N0,3.3-V LVTTL,,,,,,,,,,,,
HEX1[1],Unknown,PIN_AH29,5A,B5A_N0,3.3-V LVTTL,,,,,,,,,,,,
HEX1[2],Unknown,PIN_AH30,5A,B5A_N0,3.3-V LVTTL,,,,,,,,,,,,
HEX1[3],Unknown,PIN_AG30,5A,B5A_N0,3.3-V LVTTL,,,,,,,,,,,,
HEX1[4],Unknown,PIN_AF29,5A,B5A_N0,3.3-V LVTTL,,,,,,,,,,,,
HEX1[5],Unknown,PIN_AF30,5A,B5A_N0,3.3-V LVTTL,,,,,,,,,,,,
HEX1[6],Unknown,PIN_AD27,5A,B5A_N0,3.3-V LVTTL,,,,,,,,,,,,
HEX2[0],Unknown,PIN_AB23,5A,B5A_N0,3.3-V LVTTL,,,,,,,,,,,,
HEX2[1],Unknown,PIN_AE29,5B,B5B_N0,3.3-V LVTTL,,,,,,,,,,,,
HEX2[2],Unknown,PIN_AD29,5B,B5B_N0,3.3-V LVTTL,,,,,,,,,,,,
HEX2[3],Unknown,PIN_AC28,5B,B5B_N0,3.3-V LVTTL,,,,,,,,,,,,
HEX2[4],Unknown,PIN_AD30,5B,B5B_N0,3.3-V LVTTL,,,,,,,,,,,,
HEX2[5],Unknown,PIN_AC29,5B,B5B_N0,3.3-V LVTTL,,,,,,,,,,,,
HEX2[6],Unknown,PIN_AC30,5B,B5B_N0,3.3-V LVTTL,,,,,,,,,,,,
HEX3[0],Unknown,PIN_AD26,5A,B5A_N0,3.3-V LVTTL,,,,,,,,,,,,
HEX3[1],Unknown,PIN_AC27,5A,B5A_N0,3.3-V LVTTL,,,,,,,,,,,,
HEX3[2],Unknown,PIN_AD25,5A,B5A_N0,3.3-V LVTTL,,,,,,,,,,,,
HEX3[3],Unknown,PIN_AC25,5A,B5A_N0,3.3-V LVTTL,,,,,,,,,,,,
HEX3[4],Unknown,PIN_AB28,5B,B5B_N0,3.3-V LVTTL,,,,,,,,,,,,
HEX3[5],Unknown,PIN_AB25,5A,B5A_N0,3.3-V LVTTL,,,,,,,,,,,,
HEX3[6],Unknown,PIN_AB22,5A,B5A_N0,3.3-V LVTTL,,,,,,,,,,,,
HEX4[0],Unknown,PIN_AA24,5A,B5A_N0,3.3-V LVTTL,,,,,,,,,,,,
HEX4[1],Unknown,PIN_Y23,5A,B5A_N0,3.3-V LVTTL,,,,,,,,,,,,
HEX4[2],Unknown,PIN_Y24,5A,B5A_N0,3.3-V LVTTL,,,,,,,,,,,,
HEX4[3],Unknown,PIN_W22,5A,B5A_N0,3.3-V LVTTL,,,,,,,,,,,,
HEX4[4],Unknown,PIN_W24,5A,B5A_N0,3.3-V LVTTL,,,,,,,,,,,,
HEX4[5],Unknown,PIN_V23,5A,B5A_N0,3.3-V LVTTL,,,,,,,,,,,,
HEX4[6],Unknown,PIN_W25,5B,B5B_N0,3.3-V LVTTL,,,,,,,,,,,,
HEX5[0],Unknown,PIN_V25,5B,B5B_N0,3.3-V LVTTL,,,,,,,,,,,,
HEX5[1],Unknown,PIN_AA28,5B,B5B_N0,3.3-V LVTTL,,,,,,,,,,,,
HEX5[2],Unknown,PIN_Y27,5B,B5B_N0,3.3-V LVTTL,,,,,,,,,,,,
HEX5[3],Unknown,PIN_AB27,5B,B5B_N0,3.3-V LVTTL,,,,,,,,,,,,
HEX5[4],Unknown,PIN_AB26,5A,B5A_N0,3.3-V LVTTL,,,,,,,,,,,,
HEX5[5],Unknown,PIN_AA26,5B,B5B_N0,3.3-V LVTTL,,,,,,,,,,,,
HEX5[6],Unknown,PIN_AA25,5A,B5A_N0,3.3-V LVTTL,,,,,,,,,,,,
IRDA_RXD,Unknown,PIN_AA30,5B,B5B_N0,3.3-V LVTTL,,,,,,,,,,,,
IRDA_TXD,Unknown,PIN_AB30,5B,B5B_N0,3.3-V LVTTL,,,,,,,,,,,,
KEY[0],Unknown,PIN_AA14,3B,B3B_N0,3.3-V LVTTL,,,,,,,,,,,,
KEY[1],Unknown,PIN_AA15,3B,B3B_N0,3.3-V LVTTL,,,,,,,,,,,,
KEY[2],Unknown,PIN_W15,3B,B3B_N0,3.3-V LVTTL,,,,,,,,,,,,
KEY[3],Unknown,PIN_Y16,3B,B3B_N0,3.3-V LVTTL,,,,,,,,,,,,
LEDR[0],Unknown,PIN_V16,4A,B4A_N0,3.3-V LVTTL,,,,,,,,,,,,
LEDR[1],Unknown,PIN_W16,4A,B4A_N0,3.3-V LVTTL,,,,,,,,,,,,
LEDR[2],Unknown,PIN_V17,4A,B4A_N0,3.3-V LVTTL,,,,,,,,,,,,
LEDR[3],Unknown,PIN_V18,4A,B4A_N0,3.3-V LVTTL,,,,,,,,,,,,
LEDR[4],Unknown,PIN_W17,4A,B4A_N0,3.3-V LVTTL,,,,,,,,,,,,
LEDR[5],Unknown,PIN_W19,4A,B4A_N0,3.3-V LVTTL,,,,,,,,,,,,
LEDR[6],Unknown,PIN_Y19,4A,B4A_N0,3.3-V LVTTL,,,,,,,,,,,,
LEDR[7],Unknown,PIN_W20,5A,B5A_N0,3.3-V LVTTL,,,,,,,,,,,,
LEDR[8],Unknown,PIN_W21,5A,B5A_N0,3.3-V LVTTL,,,,,,,,,,,,
LEDR[9],Unknown,PIN_Y21,5A,B5A_N0,3.3-V LVTTL,,,,,,,,,,,,
PS2_CLK,Unknown,PIN_AD7,3A,B3A_N0,3.3-V LVTTL,,,,,,,,,,,,
PS2_CLK2,Unknown,PIN_AD9,3A,B3A_N0,3.3-V LVTTL,,,,,,,,,,,,
PS2_DAT,Unknown,PIN_AE7,3A,B3A_N0,3.3-V LVTTL,,,,,,,,,,,,
PS2_DAT2,Unknown,PIN_AE9,3A,B3A_N0,3.3-V LVTTL,,,,,,,,,,,,
SW[0],Unknown,PIN_AB12,3A,B3A_N0,3.3-V LVTTL,,,,,,,,,,,,
SW[1],Unknown,PIN_AC12,3A,B3A_N0,3.3-V LVTTL,,,,,,,,,,,,
SW[2],Unknown,PIN_AF9,3A,B3A_N0,3.3-V LVTTL,,,,,,,,,,,,
SW[3],Unknown,PIN_AF10,3A,B3A_N0,3.3-V LVTTL,,,,,,,,,,,,
SW[4],Unknown,PIN_AD11,3A,B3A_N0,3.3-V LVTTL,,,,,,,,,,,,
SW[5],Unknown,PIN_AD12,3A,B3A_N0,3.3-V LVTTL,,,,,,,,,,,,
SW[6],Unknown,PIN_AE11,3A,B3A_N0,3.3-V LVTTL,,,,,,,,,,,,
SW[7],Unknown,PIN_AC9,3A,B3A_N0,3.3-V LVTTL,,,,,,,,,,,,
SW[8],Unknown,PIN_AD10,3A,B3A_N0,3.3-V LVTTL,,,,,,,,,,,,
SW[9],Unknown,PIN_AE12,3A,B3A_N0,3.3-V LVTTL,,,,,,,,,,,,
TD_CLK27,Unknown,PIN_H15,8A,B8A_N0,3.3-V LVTTL,,,,,,,,,,,,
TD_DATA[0],Unknown,PIN_D2,8A,B8A_N0,3.3-V LVTTL,,,,,,,,,,,,
TD_DATA[1],Unknown,PIN_B1,8A,B8A_N0,3.3-V LVTTL,,,,,,,,,,,,
TD_DATA[2],Unknown,PIN_E2,8A,B8A_N0,3.3-V LVTTL,,,,,,,,,,,,
TD_DATA[3],Unknown,PIN_B2,8A,B8A_N0,3.3-V LVTTL,,,,,,,,,,,,
TD_DATA[4],Unknown,PIN_D1,8A,B8A_N0,3.3-V LVTTL,,,,,,,,,,,,
TD_DATA[5],Unknown,PIN_E1,8A,B8A_N0,3.3-V LVTTL,,,,,,,,,,,,
TD_DATA[6],Unknown,PIN_C2,8A,B8A_N0,3.3-V LVTTL,,,,,,,,,,,,
TD_DATA[7],Unknown,PIN_B3,8A,B8A_N0,3.3-V LVTTL,,,,,,,,,,,,
TD_HS,Unknown,PIN_A5,8A,B8A_N0,3.3-V LVTTL,,,,,,,,,,,,
TD_RESET_N,Unknown,PIN_F6,8A,B8A_N0,3.3-V LVTTL,,,,,,,,,,,,
TD_VS,Unknown,PIN_A3,8A,B8A_N0,3.3-V LVTTL,,,,,,,,,,,,
VGA_B[0],Unknown,PIN_B13,8A,B8A_N0,3.3-V LVTTL,,,,,,,,,,,,
VGA_B[1],Unknown,PIN_G13,8A,B8A_N0,3.3-V LVTTL,,,,,,,,,,,,
VGA_B[2],Unknown,PIN_H13,8A,B8A_N0,3.3-V LVTTL,,,,,,,,,,,,
VGA_B[3],Unknown,PIN_F14,8A,B8A_N0,3.3-V LVTTL,,,,,,,,,,,,
VGA_B[4],Unknown,PIN_H14,8A,B8A_N0,3.3-V LVTTL,,,,,,,,,,,,
VGA_B[5],Unknown,PIN_F15,8A,B8A_N0,3.3-V LVTTL,,,,,,,,,,,,
VGA_B[6],Unknown,PIN_G15,8A,B8A_N0,3.3-V LVTTL,,,,,,,,,,,,
VGA_B[7],Unknown,PIN_J14,8A,B8A_N0,3.3-V LVTTL,,,,,,,,,,,,
VGA_BLANK_N,Unknown,PIN_F10,8A,B8A_N0,3.3-V LVTTL,,,,,,,,,,,,
VGA_CLK,Unknown,PIN_A11,8A,B8A_N0,3.3-V LVTTL,,,,,,,,,,,,
VGA_G[0],Unknown,PIN_J9,8A,B8A_N0,3.3-V LVTTL,,,,,,,,,,,,
VGA_G[1],Unknown,PIN_J10,8A,B8A_N0,3.3-V LVTTL,,,,,,,,,,,,
VGA_G[2],Unknown,PIN_H12,8A,B8A_N0,3.3-V LVTTL,,,,,,,,,,,,
VGA_G[3],Unknown,PIN_G10,8A,B8A_N0,3.3-V LVTTL,,,,,,,,,,,,
VGA_G[4],Unknown,PIN_G11,8A,B8A_N0,3.3-V LVTTL,,,,,,,,,,,,
VGA_G[5],Unknown,PIN_G12,8A,B8A_N0,3.3-V LVTTL,,,,,,,,,,,,
VGA_G[6],Unknown,PIN_F11,8A,B8A_N0,3.3-V LVTTL,,,,,,,,,,,,
VGA_G[7],Unknown,PIN_E11,8A,B8A_N0,3.3-V LVTTL,,,,,,,,,,,,
VGA_HS,Unknown,PIN_B11,8A,B8A_N0,3.3-V LVTTL,,,,,,,,,,,,
VGA_R[0],Unknown,PIN_A13,8A,B8A_N0,3.3-V LVTTL,,,,,,,,,,,,
VGA_R[1],Unknown,PIN_C13,8A,B8A_N0,3.3-V LVTTL,,,,,,,,,,,,
VGA_R[2],Unknown,PIN_E13,8A,B8A_N0,3.3-V LVTTL,,,,,,,,,,,,
VGA_R[3],Unknown,PIN_B12,8A,B8A_N0,3.3-V LVTTL,,,,,,,,,,,,
VGA_R[4],Unknown,PIN_C12,8A,B8A_N0,3.3-V LVTTL,,,,,,,,,,,,
VGA_R[5],Unknown,PIN_D12,8A,B8A_N0,3.3-V LVTTL,,,,,,,,,,,,
VGA_R[6],Unknown,PIN_E12,8A,B8A_N0,3.3-V LVTTL,,,,,,,,,,,,
VGA_R[7],Unknown,PIN_F13,8A,B8A_N0,3.3-V LVTTL,,,,,,,,,,,,
VGA_SYNC_N,Unknown,PIN_C10,8A,B8A_N0,3.3-V LVTTL,,,,,,,,,,,,
VGA_VS,Unknown,PIN_D11,8A,B8A_N0,3.3-V LVTTL,,,,,,,,,,,,
HPS_DDR3_ADDR[0],Unknown,,,,SSTL-15 Class I,,Maximum Current,,,,,,,,,,
HPS_DDR3_ADDR[10],Unknown,,,,SSTL-15 Class I,,Maximum Current,,,,,,,,,,
HPS_DDR3_ADDR[11],Unknown,,,,SSTL-15 Class I,,Maximum Current,,,,,,,,,,
HPS_DDR3_ADDR[12],Unknown,,,,SSTL-15 Class I,,Maximum Current,,,,,,,,,,
HPS_DDR3_ADDR[13],Unknown,,,,SSTL-15 Class I,,Maximum Current,,,,,,,,,,
HPS_DDR3_ADDR[14],Unknown,,,,SSTL-15 Class I,,Maximum Current,,,,,,,,,,
HPS_DDR3_ADDR[1],Unknown,,,,SSTL-15 Class I,,Maximum Current,,,,,,,,,,
HPS_DDR3_ADDR[2],Unknown,,,,SSTL-15 Class I,,Maximum Current,,,,,,,,,,
HPS_DDR3_ADDR[3],Unknown,,,,SSTL-15 Class I,,Maximum Current,,,,,,,,,,
HPS_DDR3_ADDR[4],Unknown,,,,SSTL-15 Class I,,Maximum Current,,,,,,,,,,
HPS_DDR3_ADDR[5],Unknown,,,,SSTL-15 Class I,,Maximum Current,,,,,,,,,,
HPS_DDR3_ADDR[6],Unknown,,,,SSTL-15 Class I,,Maximum Current,,,,,,,,,,
HPS_DDR3_ADDR[7],Unknown,,,,SSTL-15 Class I,,Maximum Current,,,,,,,,,,
HPS_DDR3_ADDR[8],Unknown,,,,SSTL-15 Class I,,Maximum Current,,,,,,,,,,
HPS_DDR3_ADDR[9],Unknown,,,,SSTL-15 Class I,,Maximum Current,,,,,,,,,,
HPS_DDR3_BA[0],Unknown,,,,SSTL-15 Class I,,Maximum Current,,,,,,,,,,
HPS_DDR3_BA[1],Unknown,,,,SSTL-15 Class I,,Maximum Current,,,,,,,,,,
HPS_DDR3_BA[2],Unknown,,,,SSTL-15 Class I,,Maximum Current,,,,,,,,,,
HPS_DDR3_CAS_N,Unknown,,,,SSTL-15 Class I,,Maximum Current,,,,,,,,,,
HPS_DDR3_CKE,Unknown,,,,SSTL-15 Class I,,Maximum Current,,,,,,,,,,
HPS_DDR3_CS_N,Unknown,,,,SSTL-15 Class I,,Maximum Current,,,,,,,,,,
HPS_DDR3_ODT,Unknown,,,,SSTL-15 Class I,,Maximum Current,,,,,,,,,,
HPS_DDR3_RAS_N,Unknown,,,,SSTL-15 Class I,,Maximum Current,,,,,,,,,,
HPS_DDR3_WE_N,Unknown,,,,SSTL-15 Class I,,Maximum Current,,,,,,,,,,
HPS_DDR3_RESET_N,Unknown,,,,SSTL-15 Class I,,Maximum Current,,,,,,,,,,
HPS_CONV_USB_N,Unknown,,,,3.3-V LVTTL,,,,,,,,,,,,
HPS_DDR3_CK_N,Unknown,,,,Differential 1.5-V SSTL Class I,,,,HPS_DDR3_CK_N(n),,,,,,,,
HPS_DDR3_CK_N(n),Unknown,,,,Differential 1.5-V SSTL Class I,,,,HPS_DDR3_CK_N,,,,,,,,
HPS_DDR3_CK_P,Unknown,,,,Differential 1.5-V SSTL Class I,,,,HPS_DDR3_CK_P(n),,,,,,,,
HPS_DDR3_CK_P(n),Unknown,,,,Differential 1.5-V SSTL Class I,,,,HPS_DDR3_CK_P,,,,,,,,
HPS_DDR3_DM[0],Unknown,,,,SSTL-15 Class I,,,,,,,,,,,,
HPS_DDR3_DM[1],Unknown,,,,SSTL-15 Class I,,,,,,,,,,,,
HPS_DDR3_DM[2],Unknown,,,,SSTL-15 Class I,,,,,,,,,,,,
HPS_DDR3_DM[3],Unknown,,,,SSTL-15 Class I,,,,,,,,,,,,
HPS_DDR3_DQ[0],Unknown,,,,SSTL-15 Class I,,,,,,,,,,,,
HPS_DDR3_DQ[1],Unknown,,,,SSTL-15 Class I,,,,,,,,,,,,
HPS_DDR3_DQ[2],Unknown,,,,SSTL-15 Class I,,,,,,,,,,,,
HPS_DDR3_DQ[3],Unknown,,,,SSTL-15 Class I,,,,,,,,,,,,
HPS_DDR3_DQ[4],Unknown,,,,SSTL-15 Class I,,,,,,,,,,,,
HPS_DDR3_DQ[5],Unknown,,,,SSTL-15 Class I,,,,,,,,,,,,
HPS_DDR3_DQ[6],Unknown,,,,SSTL-15 Class I,,,,,,,,,,,,
HPS_DDR3_DQ[7],Unknown,,,,SSTL-15 Class I,,,,,,,,,,,,
HPS_DDR3_DQ[8],Unknown,,,,SSTL-15 Class I,,,,,,,,,,,,
HPS_DDR3_DQ[9],Unknown,,,,SSTL-15 Class I,,,,,,,,,,,,
HPS_DDR3_DQ[10],Unknown,,,,SSTL-15 Class I,,,,,,,,,,,,
HPS_DDR3_DQ[11],Unknown,,,,SSTL-15 Class I,,,,,,,,,,,,
HPS_DDR3_DQ[12],Unknown,,,,SSTL-15 Class I,,,,,,,,,,,,
HPS_DDR3_DQ[13],Unknown,,,,SSTL-15 Class I,,,,,,,,,,,,
HPS_DDR3_DQ[14],Unknown,,,,SSTL-15 Class I,,,,,,,,,,,,
HPS_DDR3_DQ[15],Unknown,,,,SSTL-15 Class I,,,,,,,,,,,,
HPS_DDR3_DQ[16],Unknown,,,,SSTL-15 Class I,,,,,,,,,,,,
HPS_DDR3_DQ[17],Unknown,,,,SSTL-15 Class I,,,,,,,,,,,,
HPS_DDR3_DQ[18],Unknown,,,,SSTL-15 Class I,,,,,,,,,,,,
HPS_DDR3_DQ[19],Unknown,,,,SSTL-15 Class I,,,,,,,,,,,,
HPS_DDR3_DQ[20],Unknown,,,,SSTL-15 Class I,,,,,,,,,,,,
HPS_DDR3_DQ[21],Unknown,,,,SSTL-15 Class I,,,,,,,,,,,,
HPS_DDR3_DQ[22],Unknown,,,,SSTL-15 Class I,,,,,,,,,,,,
HPS_DDR3_DQ[23],Unknown,,,,SSTL-15 Class I,,,,,,,,,,,,
HPS_DDR3_DQ[24],Unknown,,,,SSTL-15 Class I,,,,,,,,,,,,
HPS_DDR3_DQ[25],Unknown,,,,SSTL-15 Class I,,,,,,,,,,,,
HPS_DDR3_DQ[26],Unknown,,,,SSTL-15 Class I,,,,,,,,,,,,
HPS_DDR3_DQ[27],Unknown,,,,SSTL-15 Class I,,,,,,,,,,,,
HPS_DDR3_DQ[28],Unknown,,,,SSTL-15 Class I,,,,,,,,,,,,
HPS_DDR3_DQ[29],Unknown,,,,SSTL-15 Class I,,,,,,,,,,,,
HPS_DDR3_DQ[30],Unknown,,,,SSTL-15 Class I,,,,,,,,,,,,
HPS_DDR3_DQ[31],Unknown,,,,SSTL-15 Class I,,,,,,,,,,,,
HPS_DDR3_DQS_N[0],Unknown,,,,Differential 1.5-V SSTL Class I,,,,HPS_DDR3_DQS_N[0](n),,,,,,,,
HPS_DDR3_DQS_N[0](n),Unknown,,,,Differential 1.5-V SSTL Class I,,,,HPS_DDR3_DQS_N[0],,,,,,,,
HPS_DDR3_DQS_N[1],Unknown,,,,Differential 1.5-V SSTL Class I,,,,HPS_DDR3_DQS_N[1](n),,,,,,,,
HPS_DDR3_DQS_N[1](n),Unknown,,,,Differential 1.5-V SSTL Class I,,,,HPS_DDR3_DQS_N[1],,,,,,,,
HPS_DDR3_DQS_N[2],Unknown,,,,Differential 1.5-V SSTL Class I,,,,HPS_DDR3_DQS_N[2](n),,,,,,,,
HPS_DDR3_DQS_N[2](n),Unknown,,,,Differential 1.5-V SSTL Class I,,,,HPS_DDR3_DQS_N[2],,,,,,,,
HPS_DDR3_DQS_N[3],Unknown,,,,Differential 1.5-V SSTL Class I,,,,HPS_DDR3_DQS_N[3](n),,,,,,,,
HPS_DDR3_DQS_N[3](n),Unknown,,,,Differential 1.5-V SSTL Class I,,,,HPS_DDR3_DQS_N[3],,,,,,,,
HPS_DDR3_DQS_P[0],Unknown,,,,Differential 1.5-V SSTL Class I,,,,HPS_DDR3_DQS_P[0](n),,,,,,,,
HPS_DDR3_DQS_P[0](n),Unknown,,,,Differential 1.5-V SSTL Class I,,,,HPS_DDR3_DQS_P[0],,,,,,,,
HPS_DDR3_DQS_P[1],Unknown,,,,Differential 1.5-V SSTL Class I,,,,HPS_DDR3_DQS_P[1](n),,,,,,,,
HPS_DDR3_DQS_P[1](n),Unknown,,,,Differential 1.5-V SSTL Class I,,,,HPS_DDR3_DQS_P[1],,,,,,,,
HPS_DDR3_DQS_P[2],Unknown,,,,Differential 1.5-V SSTL Class I,,,,HPS_DDR3_DQS_P[2](n),,,,,,,,
HPS_DDR3_DQS_P[2](n),Unknown,,,,Differential 1.5-V SSTL Class I,,,,HPS_DDR3_DQS_P[2],,,,,,,,
HPS_DDR3_DQS_P[3],Unknown,,,,Differential 1.5-V SSTL Class I,,,,HPS_DDR3_DQS_P[3](n),,,,,,,,
HPS_DDR3_DQS_P[3](n),Unknown,,,,Differential 1.5-V SSTL Class I,,,,HPS_DDR3_DQS_P[3],,,,,,,,
HPS_DDR3_RZQ,Unknown,,,,SSTL-15 Class I,,,,,,,,,,,,
HPS_ENET_GTX_CLK,Unknown,,,,3.3-V LVTTL,,,,,,,,,,,,
HPS_ENET_INT_N,Unknown,,,,3.3-V LVTTL,,,,,,,,,,,,
HPS_ENET_MDC,Unknown,,,,3.3-V LVTTL,,,,,,,,,,,,
HPS_ENET_MDIO,Unknown,,,,3.3-V LVTTL,,,,,,,,,,,,
HPS_ENET_RX_CLK,Unknown,,,,3.3-V LVTTL,,,,,,,,,,,,
HPS_ENET_RX_DATA[0],Unknown,,,,3.3-V LVTTL,,,,,,,,,,,,
HPS_ENET_RX_DATA[1],Unknown,,,,3.3-V LVTTL,,,,,,,,,,,,
HPS_ENET_RX_DATA[2],Unknown,,,,3.3-V LVTTL,,,,,,,,,,,,
HPS_ENET_RX_DATA[3],Unknown,,,,3.3-V LVTTL,,,,,,,,,,,,
HPS_ENET_RX_DV,Unknown,,,,3.3-V LVTTL,,,,,,,,,,,,
HPS_ENET_TX_DATA[0],Unknown,,,,3.3-V LVTTL,,,,,,,,,,,,
HPS_ENET_TX_DATA[1],Unknown,,,,3.3-V LVTTL,,,,,,,,,,,,
HPS_ENET_TX_DATA[2],Unknown,,,,3.3-V LVTTL,,,,,,,,,,,,
HPS_ENET_TX_DATA[3],Unknown,,,,3.3-V LVTTL,,,,,,,,,,,,
HPS_ENET_TX_EN,Unknown,,,,3.3-V LVTTL,,,,,,,,,,,,
HPS_FLASH_DATA[0],Unknown,,,,3.3-V LVTTL,,,,,,,,,,,,
HPS_FLASH_DATA[1],Unknown,,,,3.3-V LVTTL,,,,,,,,,,,,
HPS_FLASH_DATA[2],Unknown,,,,3.3-V LVTTL,,,,,,,,,,,,
HPS_FLASH_DATA[3],Unknown,,,,3.3-V LVTTL,,,,,,,,,,,,
HPS_FLASH_DCLK,Unknown,,,,3.3-V LVTTL,,,,,,,,,,,,
HPS_FLASH_NCSO,Unknown,,,,3.3-V LVTTL,,,,,,,,,,,,
HPS_GSENSOR_INT,Unknown,,,,3.3-V LVTTL,,,,,,,,,,,,
HPS_I2C1_SCLK,Unknown,,,,3.3-V LVTTL,,,,,,,,,,,,
HPS_I2C1_SDAT,Unknown,,,,3.3-V LVTTL,,,,,,,,,,,,
HPS_I2C2_SCLK,Unknown,,,,3.3-V LVTTL,,,,,,,,,,,,
HPS_I2C2_SDAT,Unknown,,,,3.3-V LVTTL,,,,,,,,,,,,
HPS_I2C_CONTROL,Unknown,,,,3.3-V LVTTL,,,,,,,,,,,,
HPS_KEY,Unknown,,,,3.3-V LVTTL,,,,,,,,,,,,
HPS_LED,Unknown,,,,3.3-V LVTTL,,,,,,,,,,,,
HPS_LTC_GPIO,Unknown,,,,3.3-V LVTTL,,,,,,,,,,,,
HPS_SD_CLK,Unknown,,,,3.3-V LVTTL,,,,,,,,,,,,
HPS_SD_CMD,Unknown,,,,3.3-V LVTTL,,,,,,,,,,,,
HPS_SD_DATA[0],Unknown,,,,3.3-V LVTTL,,,,,,,,,,,,
HPS_SD_DATA[1],Unknown,,,,3.3-V LVTTL,,,,,,,,,,,,
HPS_SD_DATA[2],Unknown,,,,3.3-V LVTTL,,,,,,,,,,,,
HPS_SD_DATA[3],Unknown,,,,3.3-V LVTTL,,,,,,,,,,,,
HPS_SPIM_CLK,Unknown,,,,3.3-V LVTTL,,,,,,,,,,,,
HPS_SPIM_MISO,Unknown,,,,3.3-V LVTTL,,,,,,,,,,,,
HPS_SPIM_MOSI,Unknown,,,,3.3-V LVTTL,,,,,,,,,,,,
HPS_SPIM_SS,Unknown,,,,3.3-V LVTTL,,,,,,,,,,,,
HPS_UART_RX,Unknown,,,,3.3-V LVTTL,,,,,,,,,,,,
HPS_UART_TX,Unknown,,,,3.3-V LVTTL,,,,,,,,,,,,
HPS_USB_CLKOUT,Unknown,,,,3.3-V LVTTL,,,,,,,,,,,,
HPS_USB_DATA[0],Unknown,,,,3.3-V LVTTL,,,,,,,,,,,,
HPS_USB_DATA[1],Unknown,,,,3.3-V LVTTL,,,,,,,,,,,,
HPS_USB_DATA[2],Unknown,,,,3.3-V LVTTL,,,,,,,,,,,,
HPS_USB_DATA[3],Unknown,,,,3.3-V LVTTL,,,,,,,,,,,,
HPS_USB_DATA[4],Unknown,,,,3.3-V LVTTL,,,,,,,,,,,,
HPS_USB_DATA[5],Unknown,,,,3.3-V LVTTL,,,,,,,,,,,,
HPS_USB_DATA[6],Unknown,,,,3.3-V LVTTL,,,,,,,,,,,,
HPS_USB_DATA[7],Unknown,,,,3.3-V LVTTL,,,,,,,,,,,,
HPS_USB_DIR,Unknown,,,,3.3-V LVTTL,,,,,,,,,,,,
HPS_USB_NXT,Unknown,,,,3.3-V LVTTL,,,,,,,,,,,,
HPS_USB_STP,Unknown,,,,3.3-V LVTTL,,,,,,,,,,,,
